horizon,channel_set,model,train_seconds,feature_seconds,predict_seconds,total_seconds,n_features,val_threshold,val_n,val_n_positive,val_n_negative,val_auroc,val_auprc,val_brier,val_accuracy,val_balanced_accuracy,val_precision,val_recall_sensitivity,val_specificity,val_f1,val_tp,val_tn,val_fp,val_fn,test_n,test_n_positive,test_n_negative,test_threshold,test_auroc,test_auprc,test_brier,test_accuracy,test_balanced_accuracy,test_precision,test_recall_sensitivity,test_specificity,test_f1,test_tp,test_tn,test_fp,test_fn
6,full,MLP_tabular,0.362,0.009,0.002,0.39,252,0.39358067512512207,276,170,106,0.7069922308546059,0.7629608319786017,0.2074264457342954,0.6956521739130435,0.6268590455049945,0.6885964912280702,0.9235294117647059,0.330188679245283,0.7889447236180904,157,35,71,13,276,170,106,0.39358067512512207,0.7223640399556049,0.8244439190095184,0.20775274164152122,0.6666666666666666,0.5980022197558269,0.672566371681416,0.8941176470588236,0.3018867924528302,0.7676767676767676,152,32,74,18
6,full,RandomForest_balanced,1.115,0.008,0.168,1.336,252,0.3975,276,170,106,0.7460321864594893,0.8329176753583518,0.19789282155797103,0.6847826086956522,0.612708102108768,0.6796536796536796,0.9235294117647059,0.3018867924528302,0.7830423940149626,157,32,74,13,276,170,106,0.3975,0.7416481687014428,0.8244081473937002,0.19849182518115943,0.6739130434782609,0.6127635960044395,0.6834862385321101,0.8764705882352941,0.3490566037735849,0.7680412371134021,149,37,69,21
6,full,HistGradBoost,0.281,0.013,0.002,0.312,252,0.29659972598869244,276,170,106,0.725527192008879,0.8050936564778843,0.20548655641151164,0.677536231884058,0.6014983351831299,0.6723404255319149,0.9294117647058824,0.27358490566037735,0.7802469135802469,158,29,77,12,276,170,106,0.29659972598869244,0.7307991120976693,0.8207606963542002,0.20932089479086938,0.6702898550724637,0.6062708102108768,0.6787330316742082,0.8823529411764706,0.330188679245283,0.7672634271099744,150,35,71,20
6,full,LogReg_L2_balanced,0.066,0.008,0.002,0.093,252,0.2420758195688274,276,170,106,0.696725860155383,0.7618907139088336,0.22450578458380105,0.6847826086956522,0.6109322974472808,0.6781115879828327,0.9294117647058824,0.29245283018867924,0.7841191066997518,158,31,75,12,276,170,106,0.2420758195688274,0.7378468368479468,0.8159981166360317,0.21129904797706853,0.6884057971014492,0.6156492785793563,0.6810344827586207,0.9294117647058824,0.3018867924528302,0.7860696517412935,158,32,74,12
6,full,ExtraTrees_balanced,0.799,0.016,0.154,1.0,252,0.3,276,170,106,0.7258601553829078,0.8037471785890653,0.20342798913043475,0.6666666666666666,0.5695893451720311,0.6511627906976745,0.9882352941176471,0.1509433962264151,0.7850467289719626,168,16,90,2,276,170,106,0.3,0.72161487236404,0.8135627954945287,0.2056840579710145,0.644927536231884,0.5519422863485016,0.6428571428571429,0.9529411764705882,0.1509433962264151,0.7677725118483413,162,16,90,8
6,full,Dummy_StratifiedFloor,0.0,0.008,0.001,0.026,252,0.0,276,170,106,0.4704217536071033,0.6024735694850708,0.5036231884057971,0.6159420289855072,0.5,0.6159420289855072,1.0,0.0,0.7623318385650224,170,0,106,0,276,170,106,0.0,0.478079911209767,0.6058598914702564,0.4963768115942029,0.6159420289855072,0.5,0.6159420289855072,1.0,0.0,0.7623318385650224,170,0,106,0
6,values,RandomForest_balanced,1.359,0.007,0.169,1.567,70,0.375,276,170,106,0.7229189789123196,0.8219848427518768,0.20385083786231883,0.6485507246376812,0.5566592674805771,0.6454183266932271,0.9529411764705882,0.16037735849056603,0.7695961995249406,162,17,89,8,276,170,106,0.375,0.6967536071032185,0.8029105365940822,0.2112620018115942,0.6123188405797102,0.5183684794672586,0.6254980079681275,0.9235294117647059,0.11320754716981132,0.7458432304038005,157,12,94,13
6,values,ExtraTrees_balanced,0.698,0.012,0.154,0.895,70,0.2975,276,170,106,0.717896781354051,0.8205529544782,0.2061194972826087,0.6268115942028986,0.5141509433962265,0.6227106227106227,1.0,0.02830188679245283,0.7674943566591422,170,3,103,0,276,170,106,0.2975,0.7160654827968922,0.7997382507083624,0.2070474411231884,0.6086956521739131,0.497669256381798,0.6148148148148148,0.9764705882352941,0.018867924528301886,0.7545454545454545,166,2,104,4
6,values,MLP_tabular,0.276,0.006,0.002,0.301,70,0.3756634294986725,276,170,106,0.6475027746947837,0.7322800144512231,0.22503632454836897,0.6413043478260869,0.5490011098779134,0.6414342629482072,0.9470588235294117,0.1509433962264151,0.7648456057007126,161,16,90,9,276,170,106,0.3756634294986725,0.6930632630410654,0.7926910097193769,0.21156844089306248,0.6159420289855072,0.5124306326304107,0.6221374045801527,0.9588235294117647,0.0660377358490566,0.7546296296296297,163,7,99,7
6,values,HistGradBoost,0.182,0.013,0.002,0.214,70,0.3101838280276904,276,170,106,0.704661487236404,0.8036791289291155,0.21421246522306056,0.6594202898550725,0.581465038845727,0.6610169491525424,0.9176470588235294,0.24528301886792453,0.7684729064039408,156,26,80,14,276,170,106,0.3101838280276904,0.7018867924528301,0.790055086321607,0.2163421496166546,0.6340579710144928,0.5484461709211986,0.6419753086419753,0.9176470588235294,0.1792452830188679,0.7554479418886199,156,19,87,14
6,values,LogReg_L2_balanced,0.059,0.012,0.002,0.097,70,0.29739177938313927,276,170,106,0.6317425083240843,0.7105577474894806,0.24322734347014188,0.6485507246376812,0.5637624861265261,0.6502057613168725,0.9294117647058824,0.19811320754716982,0.7651331719128329,158,21,85,12,276,170,106,0.29739177938313927,0.6670921198668147,0.7773352335131251,0.22906819655155017,0.6195652173913043,0.5331298557158712,0.6337448559670782,0.9058823529411765,0.16037735849056603,0.7457627118644068,154,17,89,16
6,values,Dummy_StratifiedFloor,0.006,0.007,0.001,0.056,70,0.0,276,170,106,0.4704217536071033,0.6024735694850708,0.5036231884057971,0.6159420289855072,0.5,0.6159420289855072,1.0,0.0,0.7623318385650224,170,0,106,0,276,170,106,0.0,0.478079911209767,0.6058598914702564,0.4963768115942029,0.6159420289855072,0.5,0.6159420289855072,1.0,0.0,0.7623318385650224,170,0,106,0
6,values_masks,ExtraTrees_balanced,0.692,0.014,0.153,0.889,140,0.3375,276,170,106,0.67838512763596,0.7847653733336257,0.21476055253623186,0.644927536231884,0.5430632630410654,0.6374045801526718,0.9823529411764705,0.10377358490566038,0.7731481481481481,167,11,95,3,276,170,106,0.3375,0.725416204217536,0.8139184682362399,0.20429802989130436,0.6594202898550725,0.5654827968923418,0.6496062992125984,0.9705882352941176,0.16037735849056603,0.7783018867924528,165,17,89,5
6,values_masks,RandomForest_balanced,1.182,0.007,0.165,1.394,140,0.3275,276,170,106,0.7220865704772476,0.8192892372376477,0.20453466938405795,0.6376811594202898,0.5318534961154273,0.631578947368421,0.9882352941176471,0.07547169811320754,0.7706422018348624,168,8,98,2,276,170,106,0.3275,0.712708102108768,0.8097099097945095,0.20797008605072465,0.6123188405797102,0.5112652608213096,0.6216216216216216,0.9470588235294117,0.07547169811320754,0.7505827505827506,161,8,98,9
6,values_masks,HistGradBoost,0.248,0.012,0.002,0.279,140,0.29977938703517293,276,170,106,0.7169811320754718,0.7979790340308108,0.21135315927774664,0.6702898550724637,0.5885127635960045,0.6639004149377593,0.9411764705882353,0.2358490566037736,0.7785888077858881,160,25,81,10,276,170,106,0.29977938703517293,0.7165926748057714,0.8017428195234549,0.21305520668950687,0.6666666666666666,0.5891231964483907,0.6652542372881356,0.9235294117647059,0.25471698113207547,0.7733990147783252,157,27,79,13
6,values_masks,MLP_tabular,0.434,0.007,0.002,0.459,140,0.28032243251800537,276,170,106,0.6516093229744729,0.7385305800768569,0.22599275489489024,0.6413043478260869,0.5401220865704772,0.6360153256704981,0.9764705882352941,0.10377358490566038,0.7703016241299304,166,11,95,4,276,170,106,0.28032243251800537,0.7155937846836847,0.7980908665352604,0.20842653790774296,0.6340579710144928,0.5342397336293008,0.6332046332046332,0.9647058823529412,0.10377358490566038,0.7645687645687645,164,11,95,6
6,values_masks,LogReg_L2_balanced,0.05,0.007,0.002,0.074,140,0.16103026385444488,276,170,106,0.6384017758046613,0.7139020267647621,0.24175702920254044,0.6268115942028986,0.5159267480577137,0.6236162361623616,0.9941176470588236,0.03773584905660377,0.7664399092970522,169,4,102,1,276,170,106,0.16103026385444488,0.6789678135405106,0.7751618142642499,0.22694939014997711,0.6340579710144928,0.5253607103218646,0.6282527881040892,0.9941176470588236,0.05660377358490566,0.7699316628701595,169,6,100,1
6,values_masks,Dummy_StratifiedFloor,0.0,0.007,0.001,0.025,140,0.0,276,170,106,0.4704217536071033,0.6024735694850708,0.5036231884057971,0.6159420289855072,0.5,0.6159420289855072,1.0,0.0,0.7623318385650224,170,0,106,0,276,170,106,0.0,0.478079911209767,0.6058598914702564,0.4963768115942029,0.6159420289855072,0.5,0.6159420289855072,1.0,0.0,0.7623318385650224,170,0,106,0
12,full,HistGradBoost,0.547,0.023,0.003,0.59,360,0.2093189959884544,276,170,106,0.7652608213096559,0.8299098378329731,0.1912692232435698,0.6739130434782609,0.5825749167591565,0.6587301587301587,0.9764705882352941,0.18867924528301888,0.7867298578199052,166,20,86,4,276,170,106,0.2093189959884544,0.7671476137624861,0.8537236236639281,0.19504841315771476,0.6702898550724637,0.5831853496115428,0.659919028340081,0.9588235294117647,0.20754716981132076,0.7817745803357314,163,22,84,7
12,full,MLP_tabular,0.483,0.011,0.003,0.514,360,0.3488909900188446,276,170,106,0.7211431742508324,0.7977605295183132,0.20826476115479392,0.6992753623188406,0.6333518312985571,0.6933333333333334,0.9176470588235294,0.3490566037735849,0.789873417721519,156,37,69,14,276,170,106,0.3488909900188446,0.7690344062153163,0.8466725670974242,0.18952263109736087,0.7065217391304348,0.6410099889012209,0.6977777777777778,0.9235294117647059,0.3584905660377358,0.7949367088607595,157,38,68,13
12,full,RandomForest_balanced,1.243,0.011,0.157,1.455,360,0.3325,276,170,106,0.7549944506104329,0.830463990723965,0.19249071557971015,0.6811594202898551,0.5902330743618202,0.6626984126984127,0.9823529411764705,0.19811320754716982,0.7914691943127962,167,21,85,3,276,170,106,0.3325,0.7574639289678134,0.8355350500058814,0.19285133605072463,0.6594202898550725,0.574361820199778,0.6557377049180327,0.9411764705882353,0.20754716981132076,0.7729468599033816,160,22,84,10
12,full,ExtraTrees_balanced,0.807,0.026,0.155,1.032,360,0.415,276,170,106,0.7447280799112097,0.8176306927661762,0.19763947010869568,0.6956521739130435,0.6268590455049945,0.6885964912280702,0.9235294117647059,0.330188679245283,0.7889447236180904,157,35,71,13,276,170,106,0.415,0.7517480577136515,0.8284173669215005,0.19217873641304348,0.6739130434782609,0.6145394006659267,0.6851851851851852,0.8705882352941177,0.3584905660377358,0.7668393782383419,148,38,68,22
12,full,LogReg_L2_balanced,0.091,0.011,0.002,0.121,360,0.20829702997097832,276,170,106,0.7064372918978914,0.7769342626450779,0.22395716722530218,0.6920289855072463,0.6168146503884573,0.6808510638297872,0.9411764705882353,0.29245283018867924,0.7901234567901234,160,31,75,10,276,170,106,0.20829702997097832,0.732408435072142,0.8109168945173655,0.21429111569474085,0.677536231884058,0.6086015538290788,0.6784140969162996,0.9058823529411765,0.3113207547169811,0.7758186397984886,154,33,73,16
12,full,Dummy_StratifiedFloor,0.0,0.011,0.001,0.029,360,0.0,276,170,106,0.4704217536071033,0.6024735694850708,0.5036231884057971,0.6159420289855072,0.5,0.6159420289855072,1.0,0.0,0.7623318385650224,170,0,106,0,276,170,106,0.0,0.478079911209767,0.6058598914702564,0.4963768115942029,0.6159420289855072,0.5,0.6159420289855072,1.0,0.0,0.7623318385650224,170,0,106,0
12,values,ExtraTrees_balanced,0.696,0.015,0.164,0.892,100,0.345,276,170,106,0.7322142064372918,0.8227535542251552,0.20037624547101449,0.6594202898550725,0.558379578246393,0.6450381679389313,0.9941176470588236,0.12264150943396226,0.7824074074074074,169,13,93,1,276,170,106,0.345,0.7255826859045504,0.8179402399390087,0.20231811594202898,0.6594202898550725,0.5637069922308546,0.6484375,0.9764705882352941,0.1509433962264151,0.7793427230046949,166,16,90,4
12,values,RandomForest_balanced,1.412,0.009,0.179,1.629,100,0.3275,276,170,106,0.756992230854606,0.8392448665518171,0.19250586503623188,0.6702898550724637,0.5743063263041066,0.6536964980544747,0.9882352941176471,0.16037735849056603,0.7868852459016393,168,17,89,2,276,170,106,0.3275,0.7208102108768034,0.8143414616176953,0.2043904891304348,0.6413043478260869,0.545449500554939,0.6392156862745098,0.9588235294117647,0.1320754716981132,0.7670588235294118,163,14,92,7
12,values,HistGradBoost,0.207,0.009,0.002,0.235,100,0.31187272030900803,276,170,106,0.7370144284128746,0.8283854867202014,0.2047910935862445,0.677536231884058,0.6068257491675916,0.6768558951965066,0.9117647058823529,0.3018867924528302,0.7769423558897243,155,32,74,15,276,170,106,0.31187272030900803,0.708157602663707,0.8122769519712412,0.2145102605240538,0.6485507246376812,0.5850721420643729,0.6666666666666666,0.8588235294117647,0.3113207547169811,0.7506426735218509,146,33,73,24
12,values,MLP_tabular,0.542,0.008,0.002,0.569,100,0.3000558614730835,276,170,106,0.7112652608213097,0.7882156984550758,0.2191227284434771,0.6884057971014492,0.6280799112097669,0.6926605504587156,0.888235294117647,0.36792452830188677,0.7783505154639175,151,39,67,19,276,170,106,0.3000558614730835,0.7124306326304106,0.7965289997218508,0.2227473468703614,0.6992753623188406,0.6457824639289678,0.7061611374407583,0.8764705882352941,0.41509433962264153,0.7821522309711286,149,44,62,21
12,values,LogReg_L2_balanced,0.031,0.009,0.001,0.057,100,0.20310911188593417,276,170,106,0.6811320754716982,0.747171086004452,0.23065173200291667,0.6485507246376812,0.5460044395116538,0.6387832699619772,0.9882352941176471,0.10377358490566038,0.7759815242494227,168,11,95,2,276,170,106,0.20310911188593417,0.6732519422863485,0.7793827367383578,0.22745522257606504,0.6376811594202898,0.5336293007769145,0.6325757575757576,0.9823529411764705,0.08490566037735849,0.7695852534562212,167,9,97,3
12,values,Dummy_StratifiedFloor,0.0,0.009,0.001,0.027,100,0.0,276,170,106,0.4704217536071033,0.6024735694850708,0.5036231884057971,0.6159420289855072,0.5,0.6159420289855072,1.0,0.0,0.7623318385650224,170,0,106,0,276,170,106,0.0,0.478079911209767,0.6058598914702564,0.4963768115942029,0.6159420289855072,0.5,0.6159420289855072,1.0,0.0,0.7623318385650224,170,0,106,0
12,values_masks,ExtraTrees_balanced,0.745,0.022,0.211,1.011,200,0.4825,276,170,106,0.735932297447281,0.8223675410988907,0.20061872735507244,0.6920289855072463,0.6274694783573807,0.6905829596412556,0.9058823529411765,0.3490566037735849,0.7837150127226463,154,37,69,16,276,170,106,0.4825,0.7478357380688122,0.8351447905698268,0.19697391304347828,0.6739130434782609,0.6127635960044395,0.6834862385321101,0.8764705882352941,0.3490566037735849,0.7680412371134021,149,37,69,21
12,values_masks,RandomForest_balanced,1.256,0.01,0.152,1.462,200,0.39,276,170,106,0.74661487236404,0.8310918030224295,0.1956665760869565,0.6739130434782609,0.586126526082131,0.6612903225806451,0.9647058823529412,0.20754716981132076,0.784688995215311,164,22,84,6,276,170,106,0.39,0.727857935627081,0.8248725446060381,0.2020220561594203,0.644927536231884,0.5625971143174251,0.65,0.9176470588235294,0.20754716981132076,0.7609756097560976,156,22,84,14
12,values_masks,HistGradBoost,0.312,0.019,0.003,0.35,200,0.21379356917111078,276,170,106,0.7354605993340733,0.8233608469504572,0.20602290836116824,0.6666666666666666,0.5731409544950056,0.6535433070866141,0.9764705882352941,0.16981132075471697,0.7830188679245284,166,18,88,4,276,170,106,0.21379356917111078,0.7223085460599334,0.8227756551956278,0.20927907796465503,0.6521739130434783,0.5524972253052164,0.6423076923076924,0.9823529411764705,0.12264150943396226,0.7767441860465116,167,13,93,3
12,values_masks,MLP_tabular,0.444,0.01,0.002,0.473,200,0.12465166300535202,276,170,106,0.6577136514983352,0.7302297714439272,0.23162173173833714,0.6376811594202898,0.5318534961154273,0.631578947368421,0.9882352941176471,0.07547169811320754,0.7706422018348624,168,8,98,2,276,170,106,0.12465166300535202,0.7196448390677025,0.8140881423402708,0.21187270318348841,0.6376811594202898,0.5354051054384018,0.6335877862595419,0.9764705882352941,0.09433962264150944,0.7685185185185185,166,10,96,4
12,values_masks,LogReg_L2_balanced,0.067,0.01,0.002,0.095,200,0.1460993557184309,276,170,106,0.6879023307436183,0.7546447698288391,0.22983469331201228,0.6557971014492754,0.5572142064372919,0.6447876447876448,0.9823529411764705,0.1320754716981132,0.7785547785547785,167,14,92,3,276,170,106,0.1460993557184309,0.697780244173141,0.7943128681214406,0.22305229170815985,0.6413043478260869,0.5436736958934517,0.6381322957198443,0.9647058823529412,0.12264150943396226,0.7681498829039812,164,13,93,6
12,values_masks,Dummy_StratifiedFloor,0.0,0.01,0.001,0.028,200,0.0,276,170,106,0.4704217536071033,0.6024735694850708,0.5036231884057971,0.6159420289855072,0.5,0.6159420289855072,1.0,0.0,0.7623318385650224,170,0,106,0,276,170,106,0.0,0.478079911209767,0.6058598914702564,0.4963768115942029,0.6159420289855072,0.5,0.6159420289855072,1.0,0.0,0.7623318385650224,170,0,106,0
18,full,RandomForest_balanced,1.212,0.014,0.21,1.453,468,0.3675,276,170,106,0.7638457269700334,0.824958937857535,0.1857086956521739,0.7101449275362319,0.6261931187569367,0.6829268292682927,0.9882352941176471,0.2641509433962264,0.8076923076923077,168,28,78,2,276,170,106,0.3675,0.7575749167591564,0.8482805788606229,0.1939512907608696,0.6666666666666666,0.5873473917869034,0.6638655462184874,0.9294117647058824,0.24528301886792453,0.7745098039215687,158,26,80,12
18,full,HistGradBoost,0.563,0.025,0.002,0.608,468,0.455237573444228,276,170,106,0.7796892341842396,0.8389038890444522,0.18674452197194377,0.75,0.7331298557158712,0.791907514450867,0.8058823529411765,0.660377358490566,0.7988338192419825,137,70,36,33,276,170,106,0.455237573444228,0.7447280799112097,0.8464230215734891,0.20075395359130935,0.6666666666666666,0.6388457269700333,0.7166666666666667,0.7588235294117647,0.5188679245283019,0.7371428571428571,129,55,51,41
18,full,ExtraTrees_balanced,0.874,0.015,0.175,1.096,468,0.3925,276,170,106,0.7615704772475028,0.8098714997577274,0.18663172554347823,0.7210144927536232,0.654550499445061,0.7048458149779736,0.9411764705882353,0.36792452830188677,0.8060453400503779,160,39,67,10,276,170,106,0.3925,0.7536348501664816,0.8404813726515508,0.19374680706521735,0.6956521739130435,0.6250832408435072,0.6869565217391305,0.9294117647058824,0.32075471698113206,0.79,158,34,72,12
18,full,MLP_tabular,0.489,0.014,0.003,0.523,468,0.264736533164978,276,170,106,0.7067147613762487,0.7675568116306113,0.20417710431302238,0.6956521739130435,0.609100998890122,0.6733870967741935,0.9823529411764705,0.2358490566037736,0.7990430622009569,167,25,81,3,276,170,106,0.264736533164978,0.729134295227525,0.822723780674856,0.20749136318676648,0.6739130434782609,0.5950055493895672,0.6680672268907563,0.9352941176470588,0.25471698113207547,0.7794117647058824,159,27,79,11
18,full,LogReg_L2_balanced,0.092,0.014,0.003,0.126,468,0.17655329288500068,276,170,106,0.6926193118756937,0.7531023648431624,0.234921390473359,0.6920289855072463,0.61503884572697,0.679324894514768,0.9470588235294117,0.2830188679245283,0.7911547911547911,161,30,76,9,276,170,106,0.17655329288500068,0.7181465038845727,0.7872710032060403,0.21946092102054357,0.6666666666666666,0.5855715871254162,0.6625,0.9352941176470588,0.2358490566037736,0.775609756097561,159,25,81,11
18,full,Dummy_StratifiedFloor,0.0,0.014,0.001,0.032,468,0.0,276,170,106,0.4704217536071033,0.6024735694850708,0.5036231884057971,0.6159420289855072,0.5,0.6159420289855072,1.0,0.0,0.7623318385650224,170,0,106,0,276,170,106,0.0,0.478079911209767,0.6058598914702564,0.4963768115942029,0.6159420289855072,0.5,0.6159420289855072,1.0,0.0,0.7623318385650224,170,0,106,0
18,values,HistGradBoost,0.245,0.026,0.002,0.29,130,0.21299809399873415,276,170,106,0.7583240843507215,0.8271869076668433,0.19548210339509595,0.6884057971014492,0.5961154273029967,0.6653543307086615,0.9941176470588236,0.19811320754716982,0.7971698113207547,169,21,85,1,276,170,106,0.21299809399873415,0.7143174250832409,0.8249069210867652,0.21192397125811985,0.6630434782608695,0.56842397336293,0.6509803921568628,0.9764705882352941,0.16037735849056603,0.7811764705882352,166,17,89,4
18,values,RandomForest_balanced,1.472,0.011,0.165,1.688,130,0.43,276,170,106,0.7625693673695895,0.8373109210748843,0.18745072463768117,0.7065217391304348,0.6285793562708102,0.6861924686192469,0.9647058823529412,0.29245283018867924,0.8019559902200489,164,31,75,6,276,170,106,0.43,0.7196725860155384,0.8239547539481427,0.20506671195652174,0.6413043478260869,0.5703107658157602,0.6563876651982379,0.8764705882352941,0.2641509433962264,0.7506297229219143,149,28,78,21
18,values,ExtraTrees_balanced,0.725,0.02,0.175,0.964,130,0.4325,276,170,106,0.7562985571587125,0.841509276988799,0.19225088315217392,0.6992753623188406,0.6155937846836848,0.6775510204081633,0.9764705882352941,0.25471698113207547,0.8,166,27,79,4,276,170,106,0.4325,0.7135127635960045,0.8154732649939325,0.20613215579710148,0.6702898550724637,0.5973917869034406,0.670995670995671,0.9117647058823529,0.2830188679245283,0.773067331670823,155,30,76,15
18,values,MLP_tabular,0.3,0.012,0.002,0.33,130,0.32763999700546265,276,170,106,0.6872364039955604,0.760364124784142,0.21175095411549424,0.6811594202898551,0.5920088790233075,0.664,0.9764705882352941,0.20754716981132076,0.7904761904761904,166,22,84,4,276,170,106,0.32763999700546265,0.6992785793562707,0.8143722857452738,0.2124775454227679,0.6376811594202898,0.5549389567147613,0.6458333333333334,0.9117647058823529,0.19811320754716982,0.7560975609756098,155,21,85,15
18,values,LogReg_L2_balanced,0.037,0.012,0.002,0.066,130,0.21090651040819078,276,170,106,0.6804106548279689,0.7634162492744514,0.22925113464542315,0.6557971014492754,0.5589900110987791,0.6459143968871596,0.9764705882352941,0.14150943396226415,0.7775175644028103,166,15,91,4,276,170,106,0.21090651040819078,0.6971143174250831,0.7907760110891247,0.22103103514914196,0.6413043478260869,0.5418978912319645,0.637065637065637,0.9705882352941176,0.11320754716981132,0.7692307692307693,165,12,94,5
18,values,Dummy_StratifiedFloor,0.0,0.011,0.001,0.03,130,0.0,276,170,106,0.4704217536071033,0.6024735694850708,0.5036231884057971,0.6159420289855072,0.5,0.6159420289855072,1.0,0.0,0.7623318385650224,170,0,106,0,276,170,106,0.0,0.478079911209767,0.6058598914702564,0.4963768115942029,0.6159420289855072,0.5,0.6159420289855072,1.0,0.0,0.7623318385650224,170,0,106,0
18,values_masks,ExtraTrees_balanced,0.775,0.015,0.187,1.003,260,0.3575,276,170,106,0.7532463928967814,0.8378952883996738,0.19107971014492753,0.7028985507246377,0.6203107658157603,0.680327868852459,0.9764705882352941,0.2641509433962264,0.8019323671497585,166,28,78,4,276,170,106,0.3575,0.7382630410654829,0.8353996540894151,0.20038120471014492,0.6811594202898551,0.6008879023307436,0.6708333333333333,0.9470588235294117,0.25471698113207547,0.7853658536585366,161,27,79,9
18,values_masks,RandomForest_balanced,1.32,0.013,0.18,1.532,260,0.425,276,170,106,0.7687291897891231,0.8418876801133082,0.18658007246376812,0.7065217391304348,0.626803551609323,0.6846473029045643,0.9705882352941176,0.2830188679245283,0.8029197080291971,165,30,76,5,276,170,106,0.425,0.7241675915649279,0.8254427724369229,0.20283695652173914,0.6666666666666666,0.5926748057713651,0.6681034482758621,0.9117647058823529,0.27358490566037735,0.7711442786069652,155,29,77,15
18,values_masks,HistGradBoost,0.346,0.027,0.002,0.392,260,0.2187245239161728,276,170,106,0.7757491675915649,0.84184901694861,0.19041847881462426,0.6956521739130435,0.609100998890122,0.6733870967741935,0.9823529411764705,0.2358490566037736,0.7990430622009569,167,25,81,3,276,170,106,0.2187245239161728,0.7137069922308547,0.8108497149689432,0.21077759102315943,0.6811594202898551,0.5902330743618202,0.6626984126984127,0.9823529411764705,0.19811320754716982,0.7914691943127962,167,21,85,3
18,values_masks,LogReg_L2_balanced,0.059,0.013,0.002,0.092,260,0.20719300606581695,276,170,106,0.6895116537180911,0.7625740663237394,0.23141711104065288,0.6811594202898551,0.5991120976692563,0.6694214876033058,0.9529411764705882,0.24528301886792453,0.7864077669902912,162,26,80,8,276,170,106,0.20719300606581695,0.7046059933407325,0.7809879623027184,0.22262733024496478,0.6376811594202898,0.5496115427302997,0.6422764227642277,0.9294117647058824,0.16981132075471697,0.7596153846153846,158,18,88,12
18,values_masks,MLP_tabular,0.368,0.013,0.002,0.401,260,0.47477081418037415,276,170,106,0.6735294117647058,0.734161158375938,0.21782536367718744,0.7065217391304348,0.6552164261931188,0.7129186602870813,0.8764705882352941,0.4339622641509434,0.7862796833773087,149,46,60,21,276,170,106,0.47477081418037415,0.6769145394006659,0.7775681135824548,0.22515225057734342,0.6231884057971014,0.5680355160932298,0.6586538461538461,0.8058823529411765,0.330188679245283,0.7248677248677249,137,35,71,33
18,values_masks,Dummy_StratifiedFloor,0.0,0.014,0.001,0.032,260,0.0,276,170,106,0.4704217536071033,0.6024735694850708,0.5036231884057971,0.6159420289855072,0.5,0.6159420289855072,1.0,0.0,0.7623318385650224,170,0,106,0,276,170,106,0.0,0.478079911209767,0.6058598914702564,0.4963768115942029,0.6159420289855072,0.5,0.6159420289855072,1.0,0.0,0.7623318385650224,170,0,106,0
24,full,RandomForest_balanced,1.352,0.018,0.178,1.579,576,0.36,276,170,106,0.7875693673695893,0.85674766450588,0.17913448822463768,0.717391304347826,0.6391786903440622,0.6916666666666667,0.9764705882352941,0.3018867924528302,0.8097560975609757,166,32,74,4,276,170,106,0.36,0.7609045504994449,0.857689492475881,0.1924008605072464,0.6666666666666666,0.5873473917869034,0.6638655462184874,0.9294117647058824,0.24528301886792453,0.7745098039215687,158,26,80,12
24,full,HistGradBoost,0.843,0.035,0.003,0.897,576,0.3948984371308269,276,170,106,0.8042175360710321,0.8676774726261455,0.17479184908137482,0.7536231884057971,0.7147613762486127,0.7575757575757576,0.8823529411764706,0.5471698113207547,0.8152173913043478,150,58,48,20,276,170,106,0.3948984371308269,0.7660932297447282,0.8520495727777798,0.19182989005531711,0.6992753623188406,0.6528856825749167,0.7142857142857143,0.8529411764705882,0.4528301886792453,0.7774798927613941,145,48,58,25
24,full,ExtraTrees_balanced,0.968,0.031,0.166,1.209,576,0.2925,276,170,106,0.7750832408435071,0.8337570431737718,0.18415713315217394,0.7101449275362319,0.6261931187569367,0.6829268292682927,0.9882352941176471,0.2641509433962264,0.8076923076923077,168,28,78,2,276,170,106,0.2925,0.7633185349611543,0.8518159223286581,0.19206456068840577,0.6920289855072463,0.6061598224195338,0.6720647773279352,0.9764705882352941,0.2358490566037736,0.7961630695443646,166,25,81,4
24,full,MLP_tabular,0.579,0.016,0.003,0.616,576,0.21587617695331573,276,170,106,0.7194228634850165,0.801036585125916,0.2027750151080036,0.6811594202898551,0.5849056603773585,0.6589147286821705,1.0,0.16981132075471697,0.794392523364486,170,18,88,0,276,170,106,0.21587617695331573,0.7542175360710321,0.8475244864225239,0.19876507364901716,0.6666666666666666,0.5766925638179801,0.656,0.9647058823529412,0.18867924528301888,0.780952380952381,164,20,86,6
24,full,LogReg_L2_balanced,0.114,0.018,0.003,0.152,576,0.0840413402997802,276,170,106,0.6798557158712542,0.7357396800228762,0.24560991204712038,0.677536231884058,0.5855160932297447,0.6600790513833992,0.9823529411764705,0.18867924528301888,0.789598108747045,167,20,86,3,276,170,106,0.0840413402997802,0.7042175360710322,0.7599577234259297,0.2283070803072273,0.6304347826086957,0.541953385127636,0.6382113821138211,0.9235294117647059,0.16037735849056603,0.7548076923076923,157,17,89,13
24,full,Dummy_StratifiedFloor,0.0,0.018,0.001,0.036,576,0.0,276,170,106,0.4704217536071033,0.6024735694850708,0.5036231884057971,0.6159420289855072,0.5,0.6159420289855072,1.0,0.0,0.7623318385650224,170,0,106,0,276,170,106,0.0,0.478079911209767,0.6058598914702564,0.4963768115942029,0.6159420289855072,0.5,0.6159420289855072,1.0,0.0,0.7623318385650224,170,0,106,0
24,values,ExtraTrees_balanced,0.756,0.02,0.187,0.985,160,0.38,276,170,106,0.777857935627081,0.8612671179324504,0.1870428668478261,0.7028985507246377,0.618534961154273,0.6788617886178862,0.9823529411764705,0.25471698113207547,0.8028846153846154,167,27,79,3,276,170,106,0.38,0.7370699223085461,0.845317892201608,0.2016170516304348,0.6521739130434783,0.5702552719200888,0.6541666666666667,0.9235294117647059,0.2169811320754717,0.7658536585365854,157,23,83,13
24,values,RandomForest_balanced,1.505,0.013,0.164,1.707,160,0.36,276,170,106,0.7767480577136514,0.8542669519804227,0.185568455615942,0.6992753623188406,0.617369589345172,0.6790123456790124,0.9705882352941176,0.2641509433962264,0.7990314769975787,165,28,78,5,276,170,106,0.36,0.7190344062153162,0.8246956889506343,0.20443770380434784,0.6557971014492754,0.5714206437291898,0.654320987654321,0.9352941176470588,0.20754716981132076,0.7699757869249395,159,22,84,11
24,values,HistGradBoost,0.253,0.017,0.002,0.289,160,0.39075943034131483,276,170,106,0.7806326304106549,0.85040625824501,0.18778736170900057,0.7282608695652174,0.6781908990011098,0.7272727272727273,0.8941176470588236,0.46226415094339623,0.8021108179419525,152,49,57,18,276,170,106,0.39075943034131483,0.7171476137624861,0.818304686867914,0.2090860165172304,0.6594202898550725,0.6063263041065483,0.6826923076923077,0.8352941176470589,0.37735849056603776,0.7513227513227513,142,40,66,28
24,values,MLP_tabular,0.316,0.013,0.002,0.349,160,0.28370532393455505,276,170,106,0.6943951165371809,0.7740217775470452,0.21018107044324535,0.6702898550724637,0.5743063263041066,0.6536964980544747,0.9882352941176471,0.16037735849056603,0.7868852459016393,168,17,89,2,276,170,106,0.28370532393455505,0.7047169811320755,0.8091897310824772,0.2105030427948182,0.6521739130434783,0.5560488346281909,0.64453125,0.9705882352941176,0.14150943396226415,0.7746478873239436,165,15,91,5
24,values,LogReg_L2_balanced,0.035,0.014,0.002,0.066,160,0.15188138682536895,276,170,106,0.6833518312985571,0.7575886816683153,0.2316897189759887,0.644927536231884,0.5412874583795783,0.6363636363636364,0.9882352941176471,0.09433962264150944,0.7741935483870968,168,10,96,2,276,170,106,0.15188138682536895,0.6987236403995559,0.7933794879091938,0.22046619845342624,0.6340579710144928,0.5289123196448391,0.630188679245283,0.9823529411764705,0.07547169811320754,0.767816091954023,167,8,98,3
24,values,Dummy_StratifiedFloor,0.0,0.014,0.001,0.032,160,0.0,276,170,106,0.4704217536071033,0.6024735694850708,0.5036231884057971,0.6159420289855072,0.5,0.6159420289855072,1.0,0.0,0.7623318385650224,170,0,106,0,276,170,106,0.0,0.478079911209767,0.6058598914702564,0.4963768115942029,0.6159420289855072,0.5,0.6159420289855072,1.0,0.0,0.7623318385650224,170,0,106,0
24,values_masks,ExtraTrees_balanced,0.811,0.036,0.152,1.043,320,0.325,276,170,106,0.7620976692563817,0.8491355560145661,0.1893236186594203,0.7028985507246377,0.618534961154273,0.6788617886178862,0.9823529411764705,0.25471698113207547,0.8028846153846154,167,27,79,3,276,170,106,0.325,0.7625416204217537,0.8596886820177004,0.19337767210144927,0.6884057971014492,0.5978912319644839,0.6666666666666666,0.9882352941176471,0.20754716981132076,0.7962085308056872,168,22,84,2
24,values_masks,RandomForest_balanced,1.392,0.016,0.202,1.654,320,0.43,276,170,106,0.781048834628191,0.8598192128948067,0.18289510869565218,0.7210144927536232,0.6509988901220866,0.7012987012987013,0.9529411764705882,0.3490566037735849,0.8079800498753117,162,37,69,8,276,170,106,0.43,0.726165371809101,0.8283676730242918,0.20255373641304347,0.6666666666666666,0.5962264150943396,0.6710526315789473,0.9,0.29245283018867924,0.7688442211055276,153,31,75,17
24,values_masks,HistGradBoost,0.44,0.034,0.003,0.494,320,0.3432244769760681,276,170,106,0.7700332963374028,0.837407860651125,0.19021701641706767,0.717391304347826,0.6533851276359601,0.7053571428571429,0.9294117647058824,0.37735849056603776,0.8020304568527918,158,40,66,12,276,170,106,0.3432244769760681,0.7294672586015538,0.8278994376604562,0.20419285760453557,0.6666666666666666,0.6015538290788013,0.6756756756756757,0.8823529411764706,0.32075471698113206,0.7653061224489796,150,34,72,20
24,values_masks,MLP_tabular,0.667,0.016,0.002,0.703,320,0.1041112095117569,276,170,106,0.6709211986681465,0.739683788556106,0.24186096728811046,0.6557971014492754,0.5625416204217536,0.6482213438735178,0.9647058823529412,0.16037735849056603,0.7754137115839244,164,17,89,6,276,170,106,0.1041112095117569,0.7173140954495005,0.8055468833313512,0.233163594407279,0.6739130434782609,0.586126526082131,0.6612903225806451,0.9647058823529412,0.20754716981132076,0.784688995215311,164,22,84,6
24,values_masks,LogReg_L2_balanced,0.059,0.016,0.002,0.095,320,0.06130500752002993,276,170,106,0.6941731409544949,0.7596922101826935,0.2327227797152626,0.644927536231884,0.5395116537180911,0.6353383458646616,0.9941176470588236,0.08490566037735849,0.7752293577981652,169,9,97,1,276,170,106,0.06130500752002993,0.6814095449500556,0.7668222218673802,0.23216872599948601,0.6268115942028986,0.5248057713651498,0.6283524904214559,0.9647058823529412,0.08490566037735849,0.7610208816705336,164,9,97,6
24,values_masks,Dummy_StratifiedFloor,0.0,0.017,0.001,0.035,320,0.0,276,170,106,0.4704217536071033,0.6024735694850708,0.5036231884057971,0.6159420289855072,0.5,0.6159420289855072,1.0,0.0,0.7623318385650224,170,0,106,0,276,170,106,0.0,0.478079911209767,0.6058598914702564,0.4963768115942029,0.6159420289855072,0.5,0.6159420289855072,1.0,0.0,0.7623318385650224,170,0,106,0
