channel_set,family,horizon,model,model_display,n_features,test_accuracy,test_auprc,test_auroc,test_balanced_accuracy,test_brier,test_f1,test_fn,test_fp,test_n,test_n_negative,test_n_positive,test_precision,test_recall_sensitivity,test_specificity,test_threshold,test_tn,test_tp,train_seconds,val_accuracy,val_auprc,val_auroc,val_balanced_accuracy,val_brier,val_f1,val_fn,val_fp,val_n,val_n_negative,val_n_positive,val_precision,val_recall_sensitivity,val_specificity,val_threshold,val_tn,val_tp
full,baseline,6,MLP_tabular,MLP_tabular,252,0.6666666666666666,0.8244439190095184,0.7223640399556049,0.5980022197558269,0.2077527416415212,0.7676767676767676,18,74,276,106,170,0.672566371681416,0.8941176470588236,0.3018867924528302,0.393580675125122,32,152,0.362,0.6956521739130435,0.7629608319786017,0.7069922308546059,0.6268590455049945,0.2074264457342954,0.7889447236180904,13,71,276,106,170,0.6885964912280702,0.923529411764706,0.330188679245283,0.393580675125122,35,157
full,baseline,6,RandomForest_balanced,RandomForest_balanced,252,0.6739130434782609,0.8244081473937002,0.7416481687014428,0.6127635960044395,0.1984918251811594,0.7680412371134021,21,69,276,106,170,0.6834862385321101,0.8764705882352941,0.3490566037735849,0.3975,37,149,1.115,0.6847826086956522,0.8329176753583518,0.7460321864594893,0.612708102108768,0.197892821557971,0.7830423940149626,13,74,276,106,170,0.6796536796536796,0.923529411764706,0.3018867924528302,0.3975,32,157
full,baseline,6,HistGradBoost,HistGradBoost,252,0.6702898550724637,0.8207606963542002,0.7307991120976693,0.6062708102108768,0.2093208947908693,0.7672634271099744,20,71,276,106,170,0.6787330316742082,0.8823529411764706,0.330188679245283,0.2965997259886924,35,150,0.281,0.677536231884058,0.8050936564778843,0.725527192008879,0.6014983351831299,0.2054865564115116,0.7802469135802469,12,77,276,106,170,0.6723404255319149,0.9294117647058824,0.2735849056603773,0.2965997259886924,29,158
full,baseline,6,LogReg_L2_balanced,LogReg_L2_balanced,252,0.6884057971014492,0.8159981166360317,0.7378468368479468,0.6156492785793563,0.2112990479770685,0.7860696517412935,12,74,276,106,170,0.6810344827586207,0.9294117647058824,0.3018867924528302,0.2420758195688274,32,158,0.066,0.6847826086956522,0.7618907139088336,0.696725860155383,0.6109322974472808,0.224505784583801,0.7841191066997518,12,75,276,106,170,0.6781115879828327,0.9294117647058824,0.2924528301886792,0.2420758195688274,31,158
full,baseline,6,ExtraTrees_balanced,ExtraTrees_balanced,252,0.644927536231884,0.8135627954945287,0.72161487236404,0.5519422863485016,0.2056840579710145,0.7677725118483413,8,90,276,106,170,0.6428571428571429,0.9529411764705882,0.1509433962264151,0.3,16,162,0.799,0.6666666666666666,0.8037471785890653,0.7258601553829078,0.5695893451720311,0.2034279891304347,0.7850467289719626,2,90,276,106,170,0.6511627906976745,0.9882352941176472,0.1509433962264151,0.3,16,168
full,baseline,6,Dummy_StratifiedFloor,Dummy_StratifiedFloor,252,0.6159420289855072,0.6058598914702564,0.478079911209767,0.5,0.4963768115942029,0.7623318385650224,0,106,276,106,170,0.6159420289855072,1.0,0.0,0.0,0,170,0.0,0.6159420289855072,0.6024735694850708,0.4704217536071033,0.5,0.5036231884057971,0.7623318385650224,0,106,276,106,170,0.6159420289855072,1.0,0.0,0.0,0,170
values,baseline,6,RandomForest_balanced,RandomForest_balanced,70,0.6123188405797102,0.8029105365940822,0.6967536071032185,0.5183684794672586,0.2112620018115942,0.7458432304038005,13,94,276,106,170,0.6254980079681275,0.923529411764706,0.1132075471698113,0.375,12,157,1.359,0.6485507246376812,0.8219848427518768,0.7229189789123196,0.5566592674805771,0.2038508378623188,0.7695961995249406,8,89,276,106,170,0.6454183266932271,0.9529411764705882,0.160377358490566,0.375,17,162
values,baseline,6,ExtraTrees_balanced,ExtraTrees_balanced,70,0.6086956521739131,0.7997382507083624,0.7160654827968922,0.497669256381798,0.2070474411231884,0.7545454545454545,4,104,276,106,170,0.6148148148148148,0.976470588235294,0.0188679245283018,0.2975,2,166,0.698,0.6268115942028986,0.8205529544782,0.717896781354051,0.5141509433962265,0.2061194972826087,0.7674943566591422,0,103,276,106,170,0.6227106227106227,1.0,0.0283018867924528,0.2975,3,170
values,baseline,6,MLP_tabular,MLP_tabular,70,0.6159420289855072,0.7926910097193769,0.6930632630410654,0.5124306326304107,0.2115684408930624,0.7546296296296297,7,99,276,106,170,0.6221374045801527,0.9588235294117649,0.0660377358490566,0.3756634294986725,7,163,0.276,0.6413043478260869,0.7322800144512231,0.6475027746947837,0.5490011098779134,0.2250363245483689,0.7648456057007126,9,90,276,106,170,0.6414342629482072,0.9470588235294116,0.1509433962264151,0.3756634294986725,16,161
values,baseline,6,HistGradBoost,HistGradBoost,70,0.6340579710144928,0.790055086321607,0.7018867924528301,0.5484461709211986,0.2163421496166546,0.7554479418886199,14,87,276,106,170,0.6419753086419753,0.9176470588235294,0.1792452830188679,0.3101838280276904,19,156,0.182,0.6594202898550725,0.8036791289291155,0.704661487236404,0.581465038845727,0.2142124652230605,0.7684729064039408,14,80,276,106,170,0.6610169491525424,0.9176470588235294,0.2452830188679245,0.3101838280276904,26,156
values,baseline,6,LogReg_L2_balanced,LogReg_L2_balanced,70,0.6195652173913043,0.7773352335131251,0.6670921198668147,0.5331298557158712,0.2290681965515501,0.7457627118644068,16,89,276,106,170,0.6337448559670782,0.9058823529411764,0.160377358490566,0.2973917793831392,17,154,0.059,0.6485507246376812,0.7105577474894806,0.6317425083240843,0.5637624861265261,0.2432273434701418,0.7651331719128329,12,85,276,106,170,0.6502057613168725,0.9294117647058824,0.1981132075471698,0.2973917793831392,21,158
values,baseline,6,Dummy_StratifiedFloor,Dummy_StratifiedFloor,70,0.6159420289855072,0.6058598914702564,0.478079911209767,0.5,0.4963768115942029,0.7623318385650224,0,106,276,106,170,0.6159420289855072,1.0,0.0,0.0,0,170,0.006,0.6159420289855072,0.6024735694850708,0.4704217536071033,0.5,0.5036231884057971,0.7623318385650224,0,106,276,106,170,0.6159420289855072,1.0,0.0,0.0,0,170
values_masks,baseline,6,ExtraTrees_balanced,ExtraTrees_balanced,140,0.6594202898550725,0.8139184682362399,0.725416204217536,0.5654827968923418,0.2042980298913043,0.7783018867924528,5,89,276,106,170,0.6496062992125984,0.9705882352941176,0.160377358490566,0.3375,17,165,0.692,0.644927536231884,0.7847653733336257,0.67838512763596,0.5430632630410654,0.2147605525362318,0.7731481481481481,3,95,276,106,170,0.6374045801526718,0.9823529411764704,0.1037735849056603,0.3375,11,167
values_masks,baseline,6,RandomForest_balanced,RandomForest_balanced,140,0.6123188405797102,0.8097099097945095,0.712708102108768,0.5112652608213096,0.2079700860507246,0.7505827505827506,9,98,276,106,170,0.6216216216216216,0.9470588235294116,0.0754716981132075,0.3275,8,161,1.182,0.6376811594202898,0.8192892372376477,0.7220865704772476,0.5318534961154273,0.2045346693840579,0.7706422018348624,2,98,276,106,170,0.631578947368421,0.9882352941176472,0.0754716981132075,0.3275,8,168
values_masks,baseline,6,HistGradBoost,HistGradBoost,140,0.6666666666666666,0.8017428195234549,0.7165926748057714,0.5891231964483907,0.2130552066895068,0.7733990147783252,13,79,276,106,170,0.6652542372881356,0.923529411764706,0.2547169811320754,0.2997793870351729,27,157,0.248,0.6702898550724637,0.7979790340308108,0.7169811320754718,0.5885127635960045,0.2113531592777466,0.7785888077858881,10,81,276,106,170,0.6639004149377593,0.9411764705882352,0.2358490566037736,0.2997793870351729,25,160
values_masks,baseline,6,MLP_tabular,MLP_tabular,140,0.6340579710144928,0.7980908665352604,0.7155937846836847,0.5342397336293008,0.2084265379077429,0.7645687645687645,6,95,276,106,170,0.6332046332046332,0.9647058823529412,0.1037735849056603,0.2803224325180053,11,164,0.434,0.6413043478260869,0.7385305800768569,0.6516093229744729,0.5401220865704772,0.2259927548948902,0.7703016241299304,4,95,276,106,170,0.6360153256704981,0.976470588235294,0.1037735849056603,0.2803224325180053,11,166
values_masks,baseline,6,LogReg_L2_balanced,LogReg_L2_balanced,140,0.6340579710144928,0.7751618142642499,0.6789678135405106,0.5253607103218646,0.2269493901499771,0.7699316628701595,1,100,276,106,170,0.6282527881040892,0.9941176470588236,0.0566037735849056,0.1610302638544448,6,169,0.05,0.6268115942028986,0.7139020267647621,0.6384017758046613,0.5159267480577137,0.2417570292025404,0.7664399092970522,1,102,276,106,170,0.6236162361623616,0.9941176470588236,0.0377358490566037,0.1610302638544448,4,169
values_masks,baseline,6,Dummy_StratifiedFloor,Dummy_StratifiedFloor,140,0.6159420289855072,0.6058598914702564,0.478079911209767,0.5,0.4963768115942029,0.7623318385650224,0,106,276,106,170,0.6159420289855072,1.0,0.0,0.0,0,170,0.0,0.6159420289855072,0.6024735694850708,0.4704217536071033,0.5,0.5036231884057971,0.7623318385650224,0,106,276,106,170,0.6159420289855072,1.0,0.0,0.0,0,170
full,baseline,12,HistGradBoost,HistGradBoost,360,0.6702898550724637,0.8537236236639281,0.7671476137624861,0.5831853496115428,0.1950484131577147,0.7817745803357314,7,84,276,106,170,0.659919028340081,0.9588235294117649,0.2075471698113207,0.2093189959884544,22,163,0.547,0.6739130434782609,0.8299098378329731,0.7652608213096559,0.5825749167591565,0.1912692232435698,0.7867298578199052,4,86,276,106,170,0.6587301587301587,0.976470588235294,0.1886792452830188,0.2093189959884544,20,166
full,baseline,12,MLP_tabular,MLP_tabular,360,0.7065217391304348,0.8466725670974242,0.7690344062153163,0.6410099889012209,0.1895226310973608,0.7949367088607595,13,68,276,106,170,0.6977777777777778,0.923529411764706,0.3584905660377358,0.3488909900188446,38,157,0.483,0.6992753623188406,0.7977605295183132,0.7211431742508324,0.6333518312985571,0.2082647611547939,0.789873417721519,14,69,276,106,170,0.6933333333333334,0.9176470588235294,0.3490566037735849,0.3488909900188446,37,156
full,baseline,12,RandomForest_balanced,RandomForest_balanced,360,0.6594202898550725,0.8355350500058814,0.7574639289678134,0.574361820199778,0.1928513360507246,0.7729468599033816,10,84,276,106,170,0.6557377049180327,0.9411764705882352,0.2075471698113207,0.3325,22,160,1.243,0.6811594202898551,0.830463990723965,0.7549944506104329,0.5902330743618202,0.1924907155797101,0.7914691943127962,3,85,276,106,170,0.6626984126984127,0.9823529411764704,0.1981132075471698,0.3325,21,167
full,baseline,12,ExtraTrees_balanced,ExtraTrees_balanced,360,0.6739130434782609,0.8284173669215005,0.7517480577136515,0.6145394006659267,0.1921787364130434,0.7668393782383419,22,68,276,106,170,0.6851851851851852,0.8705882352941177,0.3584905660377358,0.415,38,148,0.807,0.6956521739130435,0.8176306927661762,0.7447280799112097,0.6268590455049945,0.1976394701086956,0.7889447236180904,13,71,276,106,170,0.6885964912280702,0.923529411764706,0.330188679245283,0.415,35,157
full,baseline,12,LogReg_L2_balanced,LogReg_L2_balanced,360,0.677536231884058,0.8109168945173655,0.732408435072142,0.6086015538290788,0.2142911156947408,0.7758186397984886,16,73,276,106,170,0.6784140969162996,0.9058823529411764,0.3113207547169811,0.2082970299709783,33,154,0.091,0.6920289855072463,0.7769342626450779,0.7064372918978914,0.6168146503884573,0.2239571672253021,0.7901234567901234,10,75,276,106,170,0.6808510638297872,0.9411764705882352,0.2924528301886792,0.2082970299709783,31,160
full,baseline,12,Dummy_StratifiedFloor,Dummy_StratifiedFloor,360,0.6159420289855072,0.6058598914702564,0.478079911209767,0.5,0.4963768115942029,0.7623318385650224,0,106,276,106,170,0.6159420289855072,1.0,0.0,0.0,0,170,0.0,0.6159420289855072,0.6024735694850708,0.4704217536071033,0.5,0.5036231884057971,0.7623318385650224,0,106,276,106,170,0.6159420289855072,1.0,0.0,0.0,0,170
values,baseline,12,ExtraTrees_balanced,ExtraTrees_balanced,100,0.6594202898550725,0.8179402399390087,0.7255826859045504,0.5637069922308546,0.2023181159420289,0.7793427230046949,4,90,276,106,170,0.6484375,0.976470588235294,0.1509433962264151,0.345,16,166,0.696,0.6594202898550725,0.8227535542251552,0.7322142064372918,0.558379578246393,0.2003762454710144,0.7824074074074074,1,93,276,106,170,0.6450381679389313,0.9941176470588236,0.1226415094339622,0.345,13,169
values,baseline,12,RandomForest_balanced,RandomForest_balanced,100,0.6413043478260869,0.8143414616176953,0.7208102108768034,0.545449500554939,0.2043904891304348,0.7670588235294118,7,92,276,106,170,0.6392156862745098,0.9588235294117649,0.1320754716981132,0.3275,14,163,1.412,0.6702898550724637,0.8392448665518171,0.756992230854606,0.5743063263041066,0.1925058650362318,0.7868852459016393,2,89,276,106,170,0.6536964980544747,0.9882352941176472,0.160377358490566,0.3275,17,168
values,baseline,12,HistGradBoost,HistGradBoost,100,0.6485507246376812,0.8122769519712412,0.708157602663707,0.5850721420643729,0.2145102605240538,0.7506426735218509,24,73,276,106,170,0.6666666666666666,0.8588235294117647,0.3113207547169811,0.311872720309008,33,146,0.207,0.677536231884058,0.8283854867202014,0.7370144284128746,0.6068257491675916,0.2047910935862445,0.7769423558897243,15,74,276,106,170,0.6768558951965066,0.9117647058823528,0.3018867924528302,0.311872720309008,32,155
values,baseline,12,MLP_tabular,MLP_tabular,100,0.6992753623188406,0.7965289997218508,0.7124306326304106,0.6457824639289678,0.2227473468703614,0.7821522309711286,21,62,276,106,170,0.7061611374407583,0.8764705882352941,0.4150943396226415,0.3000558614730835,44,149,0.542,0.6884057971014492,0.7882156984550758,0.7112652608213097,0.6280799112097669,0.2191227284434771,0.7783505154639175,19,67,276,106,170,0.6926605504587156,0.888235294117647,0.3679245283018867,0.3000558614730835,39,151
values,baseline,12,LogReg_L2_balanced,LogReg_L2_balanced,100,0.6376811594202898,0.7793827367383578,0.6732519422863485,0.5336293007769145,0.227455222576065,0.7695852534562212,3,97,276,106,170,0.6325757575757576,0.9823529411764704,0.0849056603773584,0.2031091118859341,9,167,0.031,0.6485507246376812,0.747171086004452,0.6811320754716982,0.5460044395116538,0.2306517320029166,0.7759815242494227,2,95,276,106,170,0.6387832699619772,0.9882352941176472,0.1037735849056603,0.2031091118859341,11,168
values,baseline,12,Dummy_StratifiedFloor,Dummy_StratifiedFloor,100,0.6159420289855072,0.6058598914702564,0.478079911209767,0.5,0.4963768115942029,0.7623318385650224,0,106,276,106,170,0.6159420289855072,1.0,0.0,0.0,0,170,0.0,0.6159420289855072,0.6024735694850708,0.4704217536071033,0.5,0.5036231884057971,0.7623318385650224,0,106,276,106,170,0.6159420289855072,1.0,0.0,0.0,0,170
values_masks,baseline,12,ExtraTrees_balanced,ExtraTrees_balanced,200,0.6739130434782609,0.8351447905698268,0.7478357380688122,0.6127635960044395,0.1969739130434782,0.7680412371134021,21,69,276,106,170,0.6834862385321101,0.8764705882352941,0.3490566037735849,0.4825,37,149,0.745,0.6920289855072463,0.8223675410988907,0.735932297447281,0.6274694783573807,0.2006187273550724,0.7837150127226463,16,69,276,106,170,0.6905829596412556,0.9058823529411764,0.3490566037735849,0.4825,37,154
values_masks,baseline,12,RandomForest_balanced,RandomForest_balanced,200,0.644927536231884,0.8248725446060381,0.727857935627081,0.5625971143174251,0.2020220561594203,0.7609756097560976,14,84,276,106,170,0.65,0.9176470588235294,0.2075471698113207,0.39,22,156,1.256,0.6739130434782609,0.8310918030224295,0.74661487236404,0.586126526082131,0.1956665760869565,0.784688995215311,6,84,276,106,170,0.6612903225806451,0.9647058823529412,0.2075471698113207,0.39,22,164
values_masks,baseline,12,HistGradBoost,HistGradBoost,200,0.6521739130434783,0.8227756551956278,0.7223085460599334,0.5524972253052164,0.209279077964655,0.7767441860465116,3,93,276,106,170,0.6423076923076924,0.9823529411764704,0.1226415094339622,0.2137935691711107,13,167,0.312,0.6666666666666666,0.8233608469504572,0.7354605993340733,0.5731409544950056,0.2060229083611682,0.7830188679245284,4,88,276,106,170,0.6535433070866141,0.976470588235294,0.1698113207547169,0.2137935691711107,18,166
values_masks,baseline,12,MLP_tabular,MLP_tabular,200,0.6376811594202898,0.8140881423402708,0.7196448390677025,0.5354051054384018,0.2118727031834884,0.7685185185185185,4,96,276,106,170,0.6335877862595419,0.976470588235294,0.0943396226415094,0.124651663005352,10,166,0.444,0.6376811594202898,0.7302297714439272,0.6577136514983352,0.5318534961154273,0.2316217317383371,0.7706422018348624,2,98,276,106,170,0.631578947368421,0.9882352941176472,0.0754716981132075,0.124651663005352,8,168
values_masks,baseline,12,LogReg_L2_balanced,LogReg_L2_balanced,200,0.6413043478260869,0.7943128681214406,0.697780244173141,0.5436736958934517,0.2230522917081598,0.7681498829039812,6,93,276,106,170,0.6381322957198443,0.9647058823529412,0.1226415094339622,0.1460993557184309,13,164,0.067,0.6557971014492754,0.7546447698288391,0.6879023307436183,0.5572142064372919,0.2298346933120122,0.7785547785547785,3,92,276,106,170,0.6447876447876448,0.9823529411764704,0.1320754716981132,0.1460993557184309,14,167
values_masks,baseline,12,Dummy_StratifiedFloor,Dummy_StratifiedFloor,200,0.6159420289855072,0.6058598914702564,0.478079911209767,0.5,0.4963768115942029,0.7623318385650224,0,106,276,106,170,0.6159420289855072,1.0,0.0,0.0,0,170,0.0,0.6159420289855072,0.6024735694850708,0.4704217536071033,0.5,0.5036231884057971,0.7623318385650224,0,106,276,106,170,0.6159420289855072,1.0,0.0,0.0,0,170
full,baseline,18,RandomForest_balanced,RandomForest_balanced,468,0.6666666666666666,0.8482805788606229,0.7575749167591564,0.5873473917869034,0.1939512907608696,0.7745098039215687,12,80,276,106,170,0.6638655462184874,0.9294117647058824,0.2452830188679245,0.3675,26,158,1.212,0.7101449275362319,0.824958937857535,0.7638457269700334,0.6261931187569367,0.1857086956521739,0.8076923076923077,2,78,276,106,170,0.6829268292682927,0.9882352941176472,0.2641509433962264,0.3675,28,168
full,baseline,18,HistGradBoost,HistGradBoost,468,0.6666666666666666,0.8464230215734891,0.7447280799112097,0.6388457269700333,0.2007539535913093,0.7371428571428571,41,51,276,106,170,0.7166666666666667,0.7588235294117647,0.5188679245283019,0.455237573444228,55,129,0.563,0.75,0.8389038890444522,0.7796892341842396,0.7331298557158712,0.1867445219719437,0.7988338192419825,33,36,276,106,170,0.791907514450867,0.8058823529411765,0.660377358490566,0.455237573444228,70,137
full,baseline,18,ExtraTrees_balanced,ExtraTrees_balanced,468,0.6956521739130435,0.8404813726515508,0.7536348501664816,0.6250832408435072,0.1937468070652173,0.79,12,72,276,106,170,0.6869565217391305,0.9294117647058824,0.320754716981132,0.3925,34,158,0.874,0.7210144927536232,0.8098714997577274,0.7615704772475028,0.654550499445061,0.1866317255434782,0.8060453400503779,10,67,276,106,170,0.7048458149779736,0.9411764705882352,0.3679245283018867,0.3925,39,160
full,baseline,18,MLP_tabular,MLP_tabular,468,0.6739130434782609,0.822723780674856,0.729134295227525,0.5950055493895672,0.2074913631867664,0.7794117647058824,11,79,276,106,170,0.6680672268907563,0.9352941176470588,0.2547169811320754,0.264736533164978,27,159,0.489,0.6956521739130435,0.7675568116306113,0.7067147613762487,0.609100998890122,0.2041771043130223,0.7990430622009569,3,81,276,106,170,0.6733870967741935,0.9823529411764704,0.2358490566037736,0.264736533164978,25,167
full,baseline,18,LogReg_L2_balanced,LogReg_L2_balanced,468,0.6666666666666666,0.7872710032060403,0.7181465038845727,0.5855715871254162,0.2194609210205435,0.775609756097561,11,81,276,106,170,0.6625,0.9352941176470588,0.2358490566037736,0.1765532928850006,25,159,0.092,0.6920289855072463,0.7531023648431624,0.6926193118756937,0.61503884572697,0.234921390473359,0.7911547911547911,9,76,276,106,170,0.679324894514768,0.9470588235294116,0.2830188679245283,0.1765532928850006,30,161
full,baseline,18,Dummy_StratifiedFloor,Dummy_StratifiedFloor,468,0.6159420289855072,0.6058598914702564,0.478079911209767,0.5,0.4963768115942029,0.7623318385650224,0,106,276,106,170,0.6159420289855072,1.0,0.0,0.0,0,170,0.0,0.6159420289855072,0.6024735694850708,0.4704217536071033,0.5,0.5036231884057971,0.7623318385650224,0,106,276,106,170,0.6159420289855072,1.0,0.0,0.0,0,170
values,baseline,18,HistGradBoost,HistGradBoost,130,0.6630434782608695,0.8249069210867652,0.7143174250832409,0.56842397336293,0.2119239712581198,0.7811764705882352,4,89,276,106,170,0.6509803921568628,0.976470588235294,0.160377358490566,0.2129980939987341,17,166,0.245,0.6884057971014492,0.8271869076668433,0.7583240843507215,0.5961154273029967,0.1954821033950959,0.7971698113207547,1,85,276,106,170,0.6653543307086615,0.9941176470588236,0.1981132075471698,0.2129980939987341,21,169
values,baseline,18,RandomForest_balanced,RandomForest_balanced,130,0.6413043478260869,0.8239547539481427,0.7196725860155384,0.5703107658157602,0.2050667119565217,0.7506297229219143,21,78,276,106,170,0.6563876651982379,0.8764705882352941,0.2641509433962264,0.43,28,149,1.472,0.7065217391304348,0.8373109210748843,0.7625693673695895,0.6285793562708102,0.1874507246376811,0.8019559902200489,6,75,276,106,170,0.6861924686192469,0.9647058823529412,0.2924528301886792,0.43,31,164
values,baseline,18,ExtraTrees_balanced,ExtraTrees_balanced,130,0.6702898550724637,0.8154732649939325,0.7135127635960045,0.5973917869034406,0.2061321557971014,0.773067331670823,15,76,276,106,170,0.670995670995671,0.9117647058823528,0.2830188679245283,0.4325,30,155,0.725,0.6992753623188406,0.841509276988799,0.7562985571587125,0.6155937846836848,0.1922508831521739,0.8,4,79,276,106,170,0.6775510204081633,0.976470588235294,0.2547169811320754,0.4325,27,166
values,baseline,18,MLP_tabular,MLP_tabular,130,0.6376811594202898,0.8143722857452738,0.6992785793562707,0.5549389567147613,0.2124775454227679,0.7560975609756098,15,85,276,106,170,0.6458333333333334,0.9117647058823528,0.1981132075471698,0.3276399970054626,21,155,0.3,0.6811594202898551,0.760364124784142,0.6872364039955604,0.5920088790233075,0.2117509541154942,0.7904761904761904,4,84,276,106,170,0.664,0.976470588235294,0.2075471698113207,0.3276399970054626,22,166
values,baseline,18,LogReg_L2_balanced,LogReg_L2_balanced,130,0.6413043478260869,0.7907760110891247,0.6971143174250831,0.5418978912319645,0.2210310351491419,0.7692307692307693,5,94,276,106,170,0.637065637065637,0.9705882352941176,0.1132075471698113,0.2109065104081907,12,165,0.037,0.6557971014492754,0.7634162492744514,0.6804106548279689,0.5589900110987791,0.2292511346454231,0.7775175644028103,4,91,276,106,170,0.6459143968871596,0.976470588235294,0.1415094339622641,0.2109065104081907,15,166
values,baseline,18,Dummy_StratifiedFloor,Dummy_StratifiedFloor,130,0.6159420289855072,0.6058598914702564,0.478079911209767,0.5,0.4963768115942029,0.7623318385650224,0,106,276,106,170,0.6159420289855072,1.0,0.0,0.0,0,170,0.0,0.6159420289855072,0.6024735694850708,0.4704217536071033,0.5,0.5036231884057971,0.7623318385650224,0,106,276,106,170,0.6159420289855072,1.0,0.0,0.0,0,170
values_masks,baseline,18,ExtraTrees_balanced,ExtraTrees_balanced,260,0.6811594202898551,0.8353996540894151,0.7382630410654829,0.6008879023307436,0.2003812047101449,0.7853658536585366,9,79,276,106,170,0.6708333333333333,0.9470588235294116,0.2547169811320754,0.3575,27,161,0.775,0.7028985507246377,0.8378952883996738,0.7532463928967814,0.6203107658157603,0.1910797101449275,0.8019323671497585,4,78,276,106,170,0.680327868852459,0.976470588235294,0.2641509433962264,0.3575,28,166
values_masks,baseline,18,RandomForest_balanced,RandomForest_balanced,260,0.6666666666666666,0.8254427724369229,0.7241675915649279,0.5926748057713651,0.2028369565217391,0.7711442786069652,15,77,276,106,170,0.6681034482758621,0.9117647058823528,0.2735849056603773,0.425,29,155,1.32,0.7065217391304348,0.8418876801133082,0.7687291897891231,0.626803551609323,0.1865800724637681,0.8029197080291971,5,76,276,106,170,0.6846473029045643,0.9705882352941176,0.2830188679245283,0.425,30,165
values_masks,baseline,18,HistGradBoost,HistGradBoost,260,0.6811594202898551,0.8108497149689432,0.7137069922308547,0.5902330743618202,0.2107775910231594,0.7914691943127962,3,85,276,106,170,0.6626984126984127,0.9823529411764704,0.1981132075471698,0.2187245239161728,21,167,0.346,0.6956521739130435,0.84184901694861,0.7757491675915649,0.609100998890122,0.1904184788146242,0.7990430622009569,3,81,276,106,170,0.6733870967741935,0.9823529411764704,0.2358490566037736,0.2187245239161728,25,167
values_masks,baseline,18,LogReg_L2_balanced,LogReg_L2_balanced,260,0.6376811594202898,0.7809879623027184,0.7046059933407325,0.5496115427302997,0.2226273302449647,0.7596153846153846,12,88,276,106,170,0.6422764227642277,0.9294117647058824,0.1698113207547169,0.2071930060658169,18,158,0.059,0.6811594202898551,0.7625740663237394,0.6895116537180911,0.5991120976692563,0.2314171110406528,0.7864077669902912,8,80,276,106,170,0.6694214876033058,0.9529411764705882,0.2452830188679245,0.2071930060658169,26,162
values_masks,baseline,18,MLP_tabular,MLP_tabular,260,0.6231884057971014,0.7775681135824548,0.6769145394006659,0.5680355160932298,0.2251522505773434,0.7248677248677249,33,71,276,106,170,0.6586538461538461,0.8058823529411765,0.330188679245283,0.4747708141803741,35,137,0.368,0.7065217391304348,0.734161158375938,0.6735294117647058,0.6552164261931188,0.2178253636771874,0.7862796833773087,21,60,276,106,170,0.7129186602870813,0.8764705882352941,0.4339622641509434,0.4747708141803741,46,149
values_masks,baseline,18,Dummy_StratifiedFloor,Dummy_StratifiedFloor,260,0.6159420289855072,0.6058598914702564,0.478079911209767,0.5,0.4963768115942029,0.7623318385650224,0,106,276,106,170,0.6159420289855072,1.0,0.0,0.0,0,170,0.0,0.6159420289855072,0.6024735694850708,0.4704217536071033,0.5,0.5036231884057971,0.7623318385650224,0,106,276,106,170,0.6159420289855072,1.0,0.0,0.0,0,170
full,baseline,24,RandomForest_balanced,RandomForest_balanced,576,0.6666666666666666,0.857689492475881,0.7609045504994449,0.5873473917869034,0.1924008605072464,0.7745098039215687,12,80,276,106,170,0.6638655462184874,0.9294117647058824,0.2452830188679245,0.36,26,158,1.352,0.717391304347826,0.85674766450588,0.7875693673695893,0.6391786903440622,0.1791344882246376,0.8097560975609757,4,74,276,106,170,0.6916666666666667,0.976470588235294,0.3018867924528302,0.36,32,166
full,baseline,24,HistGradBoost,HistGradBoost,576,0.6992753623188406,0.8520495727777798,0.7660932297447282,0.6528856825749167,0.1918298900553171,0.7774798927613941,25,58,276,106,170,0.7142857142857143,0.8529411764705882,0.4528301886792453,0.3948984371308269,48,145,0.843,0.7536231884057971,0.8676774726261455,0.8042175360710321,0.7147613762486127,0.1747918490813748,0.8152173913043478,20,48,276,106,170,0.7575757575757576,0.8823529411764706,0.5471698113207547,0.3948984371308269,58,150
full,baseline,24,ExtraTrees_balanced,ExtraTrees_balanced,576,0.6920289855072463,0.8518159223286581,0.7633185349611543,0.6061598224195338,0.1920645606884057,0.7961630695443646,4,81,276,106,170,0.6720647773279352,0.976470588235294,0.2358490566037736,0.2925,25,166,0.968,0.7101449275362319,0.8337570431737718,0.7750832408435071,0.6261931187569367,0.1841571331521739,0.8076923076923077,2,78,276,106,170,0.6829268292682927,0.9882352941176472,0.2641509433962264,0.2925,28,168
full,baseline,24,MLP_tabular,MLP_tabular,576,0.6666666666666666,0.8475244864225239,0.7542175360710321,0.5766925638179801,0.1987650736490171,0.780952380952381,6,86,276,106,170,0.656,0.9647058823529412,0.1886792452830188,0.2158761769533157,20,164,0.579,0.6811594202898551,0.801036585125916,0.7194228634850165,0.5849056603773585,0.2027750151080036,0.794392523364486,0,88,276,106,170,0.6589147286821705,1.0,0.1698113207547169,0.2158761769533157,18,170
full,baseline,24,LogReg_L2_balanced,LogReg_L2_balanced,576,0.6304347826086957,0.7599577234259297,0.7042175360710322,0.541953385127636,0.2283070803072273,0.7548076923076923,13,89,276,106,170,0.6382113821138211,0.923529411764706,0.160377358490566,0.0840413402997802,17,157,0.114,0.677536231884058,0.7357396800228762,0.6798557158712542,0.5855160932297447,0.2456099120471203,0.789598108747045,3,86,276,106,170,0.6600790513833992,0.9823529411764704,0.1886792452830188,0.0840413402997802,20,167
full,baseline,24,Dummy_StratifiedFloor,Dummy_StratifiedFloor,576,0.6159420289855072,0.6058598914702564,0.478079911209767,0.5,0.4963768115942029,0.7623318385650224,0,106,276,106,170,0.6159420289855072,1.0,0.0,0.0,0,170,0.0,0.6159420289855072,0.6024735694850708,0.4704217536071033,0.5,0.5036231884057971,0.7623318385650224,0,106,276,106,170,0.6159420289855072,1.0,0.0,0.0,0,170
values,baseline,24,ExtraTrees_balanced,ExtraTrees_balanced,160,0.6521739130434783,0.845317892201608,0.7370699223085461,0.5702552719200888,0.2016170516304348,0.7658536585365854,13,83,276,106,170,0.6541666666666667,0.923529411764706,0.2169811320754717,0.38,23,157,0.756,0.7028985507246377,0.8612671179324504,0.777857935627081,0.618534961154273,0.1870428668478261,0.8028846153846154,3,79,276,106,170,0.6788617886178862,0.9823529411764704,0.2547169811320754,0.38,27,167
values,baseline,24,RandomForest_balanced,RandomForest_balanced,160,0.6557971014492754,0.8246956889506343,0.7190344062153162,0.5714206437291898,0.2044377038043478,0.7699757869249395,11,84,276,106,170,0.654320987654321,0.9352941176470588,0.2075471698113207,0.36,22,159,1.505,0.6992753623188406,0.8542669519804227,0.7767480577136514,0.617369589345172,0.185568455615942,0.7990314769975787,5,78,276,106,170,0.6790123456790124,0.9705882352941176,0.2641509433962264,0.36,28,165
values,baseline,24,HistGradBoost,HistGradBoost,160,0.6594202898550725,0.818304686867914,0.7171476137624861,0.6063263041065483,0.2090860165172304,0.7513227513227513,28,66,276,106,170,0.6826923076923077,0.8352941176470589,0.3773584905660377,0.3907594303413148,40,142,0.253,0.7282608695652174,0.85040625824501,0.7806326304106549,0.6781908990011098,0.1877873617090005,0.8021108179419525,18,57,276,106,170,0.7272727272727273,0.8941176470588236,0.4622641509433962,0.3907594303413148,49,152
values,baseline,24,MLP_tabular,MLP_tabular,160,0.6521739130434783,0.8091897310824772,0.7047169811320755,0.5560488346281909,0.2105030427948182,0.7746478873239436,5,91,276,106,170,0.64453125,0.9705882352941176,0.1415094339622641,0.283705323934555,15,165,0.316,0.6702898550724637,0.7740217775470452,0.6943951165371809,0.5743063263041066,0.2101810704432453,0.7868852459016393,2,89,276,106,170,0.6536964980544747,0.9882352941176472,0.160377358490566,0.283705323934555,17,168
values,baseline,24,LogReg_L2_balanced,LogReg_L2_balanced,160,0.6340579710144928,0.7933794879091938,0.6987236403995559,0.5289123196448391,0.2204661984534262,0.767816091954023,3,98,276,106,170,0.630188679245283,0.9823529411764704,0.0754716981132075,0.1518813868253689,8,167,0.035,0.644927536231884,0.7575886816683153,0.6833518312985571,0.5412874583795783,0.2316897189759887,0.7741935483870968,2,96,276,106,170,0.6363636363636364,0.9882352941176472,0.0943396226415094,0.1518813868253689,10,168
values,baseline,24,Dummy_StratifiedFloor,Dummy_StratifiedFloor,160,0.6159420289855072,0.6058598914702564,0.478079911209767,0.5,0.4963768115942029,0.7623318385650224,0,106,276,106,170,0.6159420289855072,1.0,0.0,0.0,0,170,0.0,0.6159420289855072,0.6024735694850708,0.4704217536071033,0.5,0.5036231884057971,0.7623318385650224,0,106,276,106,170,0.6159420289855072,1.0,0.0,0.0,0,170
values_masks,baseline,24,ExtraTrees_balanced,ExtraTrees_balanced,320,0.6884057971014492,0.8596886820177004,0.7625416204217537,0.5978912319644839,0.1933776721014492,0.7962085308056872,2,84,276,106,170,0.6666666666666666,0.9882352941176472,0.2075471698113207,0.325,22,168,0.811,0.7028985507246377,0.8491355560145661,0.7620976692563817,0.618534961154273,0.1893236186594203,0.8028846153846154,3,79,276,106,170,0.6788617886178862,0.9823529411764704,0.2547169811320754,0.325,27,167
values_masks,baseline,24,RandomForest_balanced,RandomForest_balanced,320,0.6666666666666666,0.8283676730242918,0.726165371809101,0.5962264150943396,0.2025537364130434,0.7688442211055276,17,75,276,106,170,0.6710526315789473,0.9,0.2924528301886792,0.43,31,153,1.392,0.7210144927536232,0.8598192128948067,0.781048834628191,0.6509988901220866,0.1828951086956521,0.8079800498753117,8,69,276,106,170,0.7012987012987013,0.9529411764705882,0.3490566037735849,0.43,37,162
values_masks,baseline,24,HistGradBoost,HistGradBoost,320,0.6666666666666666,0.8278994376604562,0.7294672586015538,0.6015538290788013,0.2041928576045355,0.7653061224489796,20,72,276,106,170,0.6756756756756757,0.8823529411764706,0.320754716981132,0.3432244769760681,34,150,0.44,0.717391304347826,0.837407860651125,0.7700332963374028,0.6533851276359601,0.1902170164170676,0.8020304568527918,12,66,276,106,170,0.7053571428571429,0.9294117647058824,0.3773584905660377,0.3432244769760681,40,158
values_masks,baseline,24,MLP_tabular,MLP_tabular,320,0.6739130434782609,0.8055468833313512,0.7173140954495005,0.586126526082131,0.233163594407279,0.784688995215311,6,84,276,106,170,0.6612903225806451,0.9647058823529412,0.2075471698113207,0.1041112095117569,22,164,0.667,0.6557971014492754,0.739683788556106,0.6709211986681465,0.5625416204217536,0.2418609672881104,0.7754137115839244,6,89,276,106,170,0.6482213438735178,0.9647058823529412,0.160377358490566,0.1041112095117569,17,164
values_masks,baseline,24,LogReg_L2_balanced,LogReg_L2_balanced,320,0.6268115942028986,0.7668222218673802,0.6814095449500556,0.5248057713651498,0.232168725999486,0.7610208816705336,6,97,276,106,170,0.6283524904214559,0.9647058823529412,0.0849056603773584,0.0613050075200299,9,164,0.059,0.644927536231884,0.7596922101826935,0.6941731409544949,0.5395116537180911,0.2327227797152626,0.7752293577981652,1,97,276,106,170,0.6353383458646616,0.9941176470588236,0.0849056603773584,0.0613050075200299,9,169
values_masks,baseline,24,Dummy_StratifiedFloor,Dummy_StratifiedFloor,320,0.6159420289855072,0.6058598914702564,0.478079911209767,0.5,0.4963768115942029,0.7623318385650224,0,106,276,106,170,0.6159420289855072,1.0,0.0,0.0,0,170,0.0,0.6159420289855072,0.6024735694850708,0.4704217536071033,0.5,0.5036231884057971,0.7623318385650224,0,106,276,106,170,0.6159420289855072,1.0,0.0,0.0,0,170
full,cnn_bdlstm,6,CNN-Attn-BiLSTM,CNN-Attn-BiLSTM,18,0.6521739130434783,0.8406587192061217,0.759322974472808,0.5702552719200888,0.200451834377455,0.7658536585365854,13,83,276,106,170,0.6541666666666667,0.923529411764706,0.2169811320754717,0.1895467936992645,23,157,4.412,0.6702898550724637,0.8502065142952846,0.7503329633740289,0.5814095449500555,0.2040073746343232,0.7828162291169452,6,85,276,106,170,0.6586345381526104,0.9647058823529412,0.1981132075471698,0.1895467936992645,21,164
values,cnn_bdlstm,6,CNN-Attn-BiLSTM,CNN-Attn-BiLSTM,5,0.6159420289855072,0.7643069162117678,0.6518867924528302,0.5,0.2551074364776419,0.7623318385650224,0,106,276,106,170,0.6159420289855072,1.0,0.0,0.0104152271524071,0,170,9.625,0.6159420289855072,0.7985402111142116,0.6915649278579357,0.5,0.2374839733113783,0.7623318385650224,0,106,276,106,170,0.6159420289855072,1.0,0.0,0.0104152271524071,0,170
values_masks,cnn_bdlstm,6,CNN-Attn-BiLSTM,CNN-Attn-BiLSTM,10,0.6485507246376812,0.8006911930737896,0.6951720310765815,0.5602108768035516,0.2150228405959546,0.7673860911270983,10,87,276,106,170,0.6477732793522267,0.9411764705882352,0.1792452830188679,0.3468542098999023,19,160,4.658,0.6485507246376812,0.7979750914906794,0.6804661487236403,0.55488346281909,0.2151217892686948,0.7706855791962175,7,90,276,106,170,0.6442687747035574,0.9588235294117649,0.1509433962264151,0.3468542098999023,16,163
full,cnn_bdlstm,12,CNN-Attn-BiLSTM,CNN-Attn-BiLSTM,18,0.6594202898550725,0.8319698236869247,0.7412874583795783,0.6027746947835738,0.1983708080666186,0.7539267015706806,26,68,276,106,170,0.6792452830188679,0.8470588235294118,0.3584905660377358,0.3934839963912964,38,144,4.924,0.7028985507246377,0.8431657651990787,0.7624861265260822,0.6327413984461709,0.1876604866885571,0.795,11,71,276,106,170,0.691304347826087,0.9352941176470588,0.330188679245283,0.3934839963912964,35,159
values,cnn_bdlstm,12,CNN-Attn-BiLSTM,CNN-Attn-BiLSTM,5,0.644927536231884,0.7897286750529152,0.6968368479467257,0.5661487236403996,0.2209038371462211,0.7586206896551724,16,82,276,106,170,0.652542372881356,0.9058823529411764,0.2264150943396226,0.2956656813621521,24,154,5.65,0.6847826086956522,0.8351855741664634,0.7408990011098778,0.6038290788013319,0.2003092211143499,0.7883211678832117,8,79,276,106,170,0.6721991701244814,0.9529411764705882,0.2547169811320754,0.2956656813621521,27,162
values_masks,cnn_bdlstm,12,CNN-Attn-BiLSTM,CNN-Attn-BiLSTM,10,0.6702898550724637,0.797961965159232,0.7086015538290787,0.6062708102108768,0.2161911865568784,0.7672634271099744,20,71,276,106,170,0.6787330316742082,0.8823529411764706,0.330188679245283,0.3364525735378265,35,150,4.93,0.6920289855072463,0.8421339143817679,0.7603218645948945,0.6239178690344062,0.1990410768194437,0.7858942065491183,14,71,276,106,170,0.6872246696035242,0.9176470588235294,0.330188679245283,0.3364525735378265,35,156
full,cnn_bdlstm,18,CNN-Attn-BiLSTM,CNN-Attn-BiLSTM,18,0.6992753623188406,0.8535504936116618,0.7690344062153163,0.617369589345172,0.1987151387641878,0.7990314769975787,5,78,276,106,170,0.6790123456790124,0.9705882352941176,0.2641509433962264,0.1578710079193115,28,165,6.695,0.7065217391304348,0.8612467768381834,0.7874028856825749,0.6214761376248613,0.1861327466057478,0.8057553956834532,2,79,276,106,170,0.680161943319838,0.9882352941176472,0.2547169811320754,0.1578710079193115,27,168
values,cnn_bdlstm,18,CNN-Attn-BiLSTM,CNN-Attn-BiLSTM,5,0.6521739130434783,0.8128611738517267,0.7092674805771365,0.5702552719200888,0.2192382871581911,0.7658536585365854,13,83,276,106,170,0.6541666666666667,0.923529411764706,0.2169811320754717,0.2631457448005676,23,157,6.9,0.7210144927536232,0.8595478636751216,0.7903440621531632,0.6421198668146504,0.1775312776717507,0.8126520681265207,3,74,276,106,170,0.6929460580912863,0.9823529411764704,0.3018867924528302,0.2631457448005676,32,167
values_masks,cnn_bdlstm,18,CNN-Attn-BiLSTM,CNN-Attn-BiLSTM,10,0.6557971014492754,0.8084703891666777,0.6953940066592675,0.5891786903440621,0.2192820556601988,0.7582697201017812,21,74,276,106,170,0.6681614349775785,0.8764705882352941,0.3018867924528302,0.3215075135231018,32,149,4.979,0.7282608695652174,0.8530529506400091,0.7799112097669256,0.6622086570477248,0.1884061664370958,0.8110831234256927,9,66,276,106,170,0.7092511013215859,0.9470588235294116,0.3773584905660377,0.3215075135231018,40,161
full,cnn_bdlstm,24,CNN-Attn-BiLSTM,CNN-Attn-BiLSTM,18,0.6920289855072463,0.867115812712723,0.783795782463929,0.61503884572697,0.1856772891856087,0.7911547911547911,9,76,276,106,170,0.679324894514768,0.9470588235294116,0.2830188679245283,0.2237332463264465,30,161,5.985,0.7137681159420289,0.8749299729190029,0.8000554938956714,0.6309100998890123,0.1758008312148682,0.8096385542168675,2,77,276,106,170,0.6857142857142857,0.9882352941176472,0.2735849056603773,0.2237332463264465,29,168
values,cnn_bdlstm,24,CNN-Attn-BiLSTM,CNN-Attn-BiLSTM,5,0.6884057971014492,0.8328743159143164,0.7392896781354051,0.6387347391786904,0.2045801313743373,0.7712765957446809,25,61,276,106,170,0.7038834951456311,0.8529411764705882,0.4245283018867924,0.3628276586532593,45,145,6.204,0.7210144927536232,0.8600889945308154,0.781021087680355,0.668756936736959,0.1854653822210317,0.7979002624671916,18,59,276,106,170,0.7203791469194313,0.8941176470588236,0.4433962264150943,0.3628276586532593,47,152
values_masks,cnn_bdlstm,24,CNN-Attn-BiLSTM,CNN-Attn-BiLSTM,10,0.6739130434782609,0.837993723692691,0.7356270810210876,0.6322974472807992,0.2237777102544047,0.7540983606557377,32,58,276,106,170,0.7040816326530612,0.8117647058823529,0.4528301886792453,0.2913382351398468,48,138,7.321,0.75,0.8736740536277415,0.8055493895671476,0.7064927857935628,0.1868327989242436,0.8150134048257373,18,51,276,106,170,0.7487684729064039,0.8941176470588236,0.5188679245283019,0.2913382351398468,55,152
